<?xml version="1.0" encoding="UTF-8" standalone="yes"?>
<addon id="plugin.video.Extractor" name="Extractor" version="1.0.2" provider-name="Junji">
    <extension point="xbmc.python.pluginsource" library="default.py">
        <provides>video</provides>
    </extension>
    <extension point="xbmc.addon.metadata">
        <summary language="es">Extrae y reproduce enlaces compatibles:
  - Magnet
  - Acestream
        </summary>
        <description language="es">Necesario Horus</description>
        <disclaimer>Prohibido su uso en páginas con contenido que infrinja los derechos de autor o las leyes de propiedad intelectual.
Contiene una lista de torrents de dominio público y Creative Commons, útil para hacer pruebas.</disclaimer>
        <platform>all</platform>
        <assets>
            <icon>icon.jpg</icon>
            <fanart>fanart.jpg</fanart>
            <screenshot>resources/media/Captura1.jpg</screenshot>
            <screenshot>resources/media/Captura2.jpg</screenshot>
            <screenshot>resources/media/Captura3.jpg</screenshot>
        </assets>
        <news>
            - Añadido soporte para enlaces acestream
        </news>
    </extension>
    <extension point="xbmc.service" library="default.py" />
    <requires>
        <import addon="xbmc.python" version="3.0.0" />
        <import addon="script.module.requests" version="2.25.1" />
        <import addon="script.module.beautifulsoup4" version="4.9.3" />
    </requires>
</addon>